{"Position":{"x":0.4017271399497986,"y":1.0750106573104859,"z":0.0},"Name":"Sam_0","sceneID":1}