{"Position":{"x":0.6615683436393738,"y":0.6748942136764526,"z":0.0},"Name":"Sam_0","sceneID":2}